<?xml version="1.0"?>
<!DOCTYPE hibernate-mapping PUBLIC "-//Hibernate/Hibernate Mapping DTD 3.0//EN"
"http://www.hibernate.org/dtd/hibernate-mapping-3.0.dtd">
<!-- Generated 20 Apr, 2018 1:51:23 PM by Hibernate Tools 3.6.0.Final -->
<hibernate-mapping>
    <class name="main.java.model.Item" table="item">
        <id name="itemId" type="java.lang.Integer">
            <column name="item_id" />
            <generator class="increment" />
        </id>
        <many-to-one name="menu" class="main.java.model.Menu" fetch="select">
            <column name="menu_id" />
        </many-to-one>
        <property name="itemName" type="string">
            <column name="item_name" not-null="true" />
        </property>
        <property name="itemDescription" type="string">
            <column name="item_description" length="500" />
        </property>
        <property name="itemPrice" type="java.lang.Double">
            <column name="item_price" precision="16" />
        </property>
    </class>
</hibernate-mapping>
