<?xml version="1.0" encoding="utf-8"?>
<!DOCTYPE hibernate-configuration PUBLIC
"-//Hibernate/Hibernate Configuration DTD 3.0//EN"
"http://www.hibernate.org/dtd/hibernate-configuration-3.0.dtd">
<hibernate-configuration>
    <session-factory>
        <property name="hibernate.bytecode.use_reflection_optimizer">false</property>
        <property name="hibernate.connection.driver_class">com.mysql.jdbc.Driver</property>
        <property name="hibernate.connection.url">jdbc:mysql://localhost:3306/restaurant_data</property>
        <property name="hibernate.connection.username">root</property>
        <property name="hibernate.dialect">org.hibernate.dialect.MySQLDialect</property>
        <property name="hibernate.search.autoregister_listeners">false</property>
        <property name="hibernate.validator.apply_to_ddl">false</property>
        <property name="hibernate.validator.autoregister_listeners">false</property>
        <mapping resource="main/java/model/Menu.hbm.xml" />
        <mapping resource="main/java/model/Item.hbm.xml" />
        <mapping resource="main/java/model/RestMenu.hbm.xml" />
        <mapping resource="main/java/model/Restaurants.hbm.xml" />
    </session-factory>
</hibernate-configuration>
